d74g0n.com,d74g0n.com,6,2016-10-20,2016-12-17,soa_server,ns1.dynu.com
d74g0n.com,d74g0n.com,6,2016-10-20,2016-12-17,soa_email,administrator@dynu.com
d74g0n.com,d74g0n.com,0,2014-11-20,2017-04-12,domain,d74g0n.com
d74g0n.com,d74g0n.com,15,2016-03-09,2016-12-17,mx,mail.d74g0n.com
d74g0n.com,d74g0n.com,15,2015-03-09,2015-03-09,mx,mailstore1.secureserver.net
d74g0n.com,d74g0n.com,15,2015-03-09,2015-03-09,mx,smtp.secureserver.net
github.io,d74g0n.github.io,28,2017-12-16,2017-12-20,aaaa,2a04:4e42::403
github.io,d74g0n.github.io,28,2017-12-16,2017-12-20,aaaa,2a04:4e42:400::403
github.io,d74g0n.github.io,28,2017-12-16,2017-12-20,aaaa,2a04:4e42:600::403
github.io,d74g0n.github.io,28,2017-12-16,2017-12-20,aaaa,2a04:4e42:200::403
d74g0n.com,d74g0n.com,28,2016-03-02,2017-03-01,aaaa,2607:3f00:11:18::21
d74g0n.com,d74g0n.com,2,2016-10-20,2016-12-20,ns,ns6.dynu.com
d74g0n.com,d74g0n.com,2,2016-10-20,2016-12-20,ns,ns2.dynu.com
d74g0n.com,d74g0n.com,2,2016-10-20,2016-12-20,ns,ns5.dynu.com
d74g0n.com,d74g0n.com,2,2016-10-20,2016-12-20,ns,ns1.dynu.com
d74g0n.com,d74g0n.com,2,2016-10-20,2016-12-20,ns,ns3.dynu.com
d74g0n.com,d74g0n.com,2,2016-10-20,2016-12-20,ns,ns4.dynu.com
d74g0n.com,d74g0n.com,2,2015-02-25,2015-02-25,ns,ns22.domaincontrol.com
d74g0n.com,d74g0n.com,2,2015-02-25,2015-02-25,ns,ns21.domaincontrol.com
amazonaws.com,d74g0n.bucket.s3.amazonaws.com,1,2018-04-07,2018-04-07,name,s3-directional-w.amazonaws.com
amazonaws.com,d74g0n-database.s3.amazonaws.com,28,2018-04-05,2018-04-05,name,s3-directional-w.amazonaws.com
amazonaws.com,d74g0n-backup.s3.amazonaws.com,28,2018-04-02,2018-04-02,name,s3-directional-w.amazonaws.com
wordpress.com,d74g0n.files.wordpress.com,1,2018-03-28,2018-03-28,name,s6.files.wordpress.com
github.io,d74g0n.github.io,28,2017-12-16,2017-12-20,name,sni.github.map.fastly.net
blogspot.fr,d74g0n.blogspot.fr,1,2017-12-10,2018-03-30,name,blogspot.l.googleusercontent.com
github.io,d74g0n.github.io,1,2017-03-31,2017-03-31,name,github.map.fastly.net
airbnb.com,d74g0n.github.io.next.airbnb.com,5,2016-10-04,2016-10-04,name,charon.airbnb.com
blogspot.com,d74g0n.blogspot.com,1,2015-08-12,2015-12-31,name,blogspot.l.googleusercontent.com
imgur.com,d74g0n.imgur.com,1,2015-02-28,2015-02-28,name,imgur.com
blogspot.com.es,d74g0n.blogspot.com.es,1,2015-01-28,2015-01-28,name,blogspot.l.googleusercontent.com
wordpress.com,d74g0n.wordpress.com,1,2014-12-20,2018-04-20,name,lb.wordpress.com
blogspot.ca,d74g0n.blogspot.ca,1,2014-08-16,2015-12-19,name,blogspot.l.googleusercontent.com
d74g0n.com,www.d74g0n.com,1,2014-08-08,2014-08-08,name,d74g0n.com
amazonaws.com,d74g0n.bucket.s3.amazonaws.com,1,2018-04-07,2018-04-07,cname,s3-1-w.amazonaws.com
amazonaws.com,d74g0n.bucket.s3.amazonaws.com,1,2018-04-07,2018-04-07,cname,s3-directional-w.amazonaws.com
amazonaws.com,d74g0n-database.s3.amazonaws.com,28,2018-04-05,2018-04-05,cname,s3-1-w.amazonaws.com
amazonaws.com,d74g0n-database.s3.amazonaws.com,28,2018-04-05,2018-04-05,cname,s3-directional-w.amazonaws.com
amazonaws.com,d74g0n-backup.s3.amazonaws.com,28,2018-04-02,2018-04-02,cname,s3-1-w.amazonaws.com
amazonaws.com,d74g0n-backup.s3.amazonaws.com,28,2018-04-02,2018-04-02,cname,s3-directional-w.amazonaws.com
github.io,d74g0n.github.io,2,2018-02-11,2018-02-12,cname,sni.github.map.fastly.net
wordpress.com,d74g0n.files.wordpress.com,28,2018-01-07,2018-01-07,cname,s6.files.wordpress.com
github.io,firewall.d74g0n.github.io,1,2018-01-05,2018-01-05,cname,sni.github.map.fastly.net
github.io,devsql.d74g0n.github.io,1,2018-01-05,2018-01-05,cname,sni.github.map.fastly.net
github.io,ops.d74g0n.github.io,1,2018-01-05,2018-01-05,cname,sni.github.map.fastly.net
github.io,host.d74g0n.github.io,1,2018-01-05,2018-01-05,cname,sni.github.map.fastly.net
github.io,ntp.d74g0n.github.io,1,2018-01-05,2018-01-05,cname,sni.github.map.fastly.net
github.io,www2.d74g0n.github.io,1,2018-01-05,2018-01-05,cname,sni.github.map.fastly.net
github.io,eshop.d74g0n.github.io,28,2018-01-05,2018-01-05,cname,sni.github.map.fastly.net
github.io,internet.d74g0n.github.io,1,2018-01-05,2018-01-05,cname,sni.github.map.fastly.net
github.io,mysql.d74g0n.github.io,1,2018-01-05,2018-01-05,cname,sni.github.map.fastly.net
github.io,dns1.d74g0n.github.io,28,2018-01-05,2018-01-05,cname,sni.github.map.fastly.net
github.io,shop.d74g0n.github.io,28,2018-01-05,2018-01-05,cname,sni.github.map.fastly.net
github.io,upload.d74g0n.github.io,28,2018-01-05,2018-01-05,cname,sni.github.map.fastly.net
blogspot.fr,d74g0n.blogspot.fr,1,2017-12-10,2018-03-30,cname,blogspot.l.googleusercontent.com
github.io,www.d74g0n.github.io,1,2017-11-26,2017-12-20,cname,sni.github.map.fastly.net
github.io,ipv6.d74g0n.github.io,1,2017-11-17,2018-02-10,cname,sni.github.map.fastly.net
github.io,d74g0n.github.io,1,2017-03-31,2017-03-31,cname,github.map.fastly.net
wordpress.com,d74g0n.wordpress.com,28,2016-12-06,2016-12-06,cname,lb.wordpress.com
airbnb.com,d74g0n.github.io.next.airbnb.com,5,2016-10-04,2016-10-04,cname,charon-elb.airbnb.com
airbnb.com,d74g0n.github.io.next.airbnb.com,5,2016-10-04,2016-10-04,cname,charon.airbnb.com
qwant.com,d74g0n.github.io.qwant.com,5,2016-10-03,2016-10-03,cname,qwant.com
twilio.com,d74g0n.github.io.twilio.com,255,2016-08-29,2016-08-29,cname,www.twilio.com.edgekey.net
blogspot.com,d74g0n.blogspot.com,1,2015-08-12,2015-12-31,cname,blogspot.l.googleusercontent.com
imgur.com,d74g0n.imgur.com,1,2015-02-28,2015-02-28,cname,imgur.com
blogspot.co.uk,d74g0n.blogspot.co.uk,1,2015-01-28,2015-01-28,cname,blogspot.l.googleusercontent.com
blogspot.com.es,d74g0n.blogspot.com.es,1,2015-01-28,2015-01-28,cname,blogspot.l.googleusercontent.com
blogspot.ca,d74g0n.blogspot.ca,1,2014-08-16,2015-12-19,cname,blogspot.l.googleusercontent.com
d74g0n.com,www.d74g0n.com,1,2014-08-08,2014-08-08,cname,d74g0n.com
github.io,d74g0n.github.io,1,2018-05-01,2018-05-11,ip,185.199.110.153
github.io,d74g0n.github.io,1,2018-05-01,2018-05-11,ip,185.199.108.153
github.io,d74g0n.github.io,1,2018-05-01,2018-05-11,ip,185.199.111.153
github.io,d74g0n.github.io,1,2018-05-01,2018-05-11,ip,185.199.109.153
dynu.com,mail.d74g0n.dynu.com,1,2018-03-31,2018-03-31,ip,50.115.191.178
blogspot.fr,d74g0n.blogspot.fr,1,2018-03-30,2018-03-30,ip,172.217.18.33
github.io,d74g0n.github.io,1,2018-02-01,2018-04-13,ip,151.101.53.147
github.io,d74g0n.github.io,1,2018-01-11,2018-01-11,ip,151.101.5.147
github.io,d74g0n.github.io,1,2018-01-11,2018-01-11,ip,151.101.125.147
github.io,d74g0n.github.io,1,2018-01-11,2018-01-11,ip,151.101.149.147
github.io,d74g0n.github.io,1,2018-01-11,2018-01-11,ip,151.101.113.147
github.io,d74g0n.github.io,1,2018-01-11,2018-01-11,ip,151.101.13.147
github.io,d74g0n.github.io,1,2018-01-11,2018-04-17,ip,151.101.185.147
github.io,d74g0n.github.io,1,2017-12-12,2018-04-08,ip,151.101.49.147
blogspot.fr,d74g0n.blogspot.fr,1,2017-12-10,2017-12-10,ip,172.217.19.225
github.io,d74g0n.github.io,1,2017-11-22,2018-03-19,ip,151.101.41.147
github.io,d74g0n.github.io,1,2017-11-21,2018-04-21,ip,151.101.1.147
github.io,d74g0n.github.io,1,2017-11-21,2018-04-21,ip,151.101.65.147
github.io,d74g0n.github.io,1,2017-11-21,2018-04-21,ip,151.101.129.147
github.io,d74g0n.github.io,1,2017-11-21,2018-04-21,ip,151.101.193.147
github.io,d74g0n.github.io,1,2017-11-19,2017-11-19,ip,151.101.17.147
dynu.com,d74g0n.dynu.com,1,2017-09-10,2018-04-01,ip,199.233.237.21
dynu.com,ftp.d74g0n.dynu.com,1,2017-09-10,2018-03-31,ip,50.115.191.178
dynu.com,server.d74g0n.dynu.com,1,2017-09-10,2018-03-31,ip,50.115.191.178
dynu.com,tag.d74g0n.dynu.com,1,2017-09-10,2018-03-31,ip,50.115.191.178
github.io,d74g0n.github.io,1,2017-03-31,2017-03-31,ip,151.101.64.133
github.io,d74g0n.github.io,1,2017-03-31,2017-03-31,ip,151.101.0.133
github.io,d74g0n.github.io,1,2017-03-31,2017-03-31,ip,151.101.192.133
github.io,d74g0n.github.io,1,2017-03-31,2017-03-31,ip,151.101.128.133
d74g0n.com,www.d74g0n.com,1,2017-03-10,2017-04-02,ip,208.91.197.208
d74g0n.com,d74g0n.com,1,2017-03-09,2017-04-12,ip,208.91.197.208
d74g0n.com,www.d74g0n.com,1,2017-02-05,2017-02-24,ip,50.115.191.231
d74g0n.com,d74g0n.com,1,2016-09-21,2016-12-25,ip,199.233.237.24
d74g0n.com,mail.d74g0n.com,255,2016-09-05,2016-11-13,ip,50.115.191.178
kapabiosystems.com,d74g0n.github.io.kapabiosystems.com,255,2016-08-20,2016-08-20,ip,104.207.232.237
tumblr.com,d74g0n.tumblr.com,1,2016-08-20,2018-03-25,ip,66.6.33.149
tumblr.com,d74g0n.tumblr.com,1,2016-08-20,2018-03-25,ip,66.6.32.21
tumblr.com,d74g0n.tumblr.com,1,2016-08-20,2018-03-25,ip,66.6.33.21
wordpress.com,d74g0n.files.wordpress.com,1,2016-06-25,2018-03-28,ip,192.0.72.27
wordpress.com,d74g0n.files.wordpress.com,1,2016-06-25,2018-03-28,ip,192.0.72.26
bandcamp.com,d74g0n.bandcamp.com,1,2016-03-28,2017-12-26,ip,151.101.193.28
bandcamp.com,d74g0n.bandcamp.com,1,2016-03-28,2017-12-26,ip,151.101.65.28
bandcamp.com,d74g0n.bandcamp.com,1,2016-03-28,2017-12-26,ip,151.101.129.28
bandcamp.com,d74g0n.bandcamp.com,1,2016-03-28,2017-12-26,ip,151.101.1.28
d74g0n.com,ftp.d74g0n.com,1,2016-03-09,2016-03-09,ip,50.115.191.178
bandcamp.com,d74g0n.bandcamp.com,1,2016-03-08,2016-03-08,ip,50.23.204.167
bandcamp.com,d74g0n.bandcamp.com,1,2016-03-08,2016-03-08,ip,50.23.204.171
d74g0n.com,www.d74g0n.com,1,2016-03-08,2016-12-16,ip,50.115.191.178
d74g0n.com,d74g0n.com,1,2016-03-04,2017-03-03,ip,199.233.237.21
blogspot.com,d74g0n.blogspot.com,1,2015-12-31,2015-12-31,ip,216.58.208.225
blogspot.ca,d74g0n.blogspot.ca,1,2015-12-19,2015-12-19,ip,216.58.211.1
blogspot.com,d74g0n.blogspot.com,1,2015-12-19,2015-12-19,ip,216.58.211.1
blogspot.ca,d74g0n.blogspot.ca,1,2015-12-10,2015-12-10,ip,216.58.216.1
blogspot.ca,d74g0n.blogspot.ca,1,2015-11-14,2015-11-14,ip,173.194.116.234
blogspot.ca,d74g0n.blogspot.ca,1,2015-11-14,2015-11-14,ip,173.194.116.235
blogspot.com,d74g0n.blogspot.com,1,2015-10-28,2015-10-28,ip,74.125.196.132
blogspot.com,d74g0n.blogspot.com,1,2015-08-12,2015-08-12,ip,74.125.224.108
blogspot.com,d74g0n.blogspot.com,1,2015-08-12,2015-08-12,ip,74.125.224.107
blogspot.com,d74g0n.blogspot.com,1,2015-08-12,2015-08-12,ip,74.125.224.106
blogspot.ca,d74g0n.blogspot.ca,1,2015-07-19,2015-07-19,ip,173.194.71.132
blogspot.ca,d74g0n.blogspot.ca,1,2015-07-04,2015-07-04,ip,64.233.162.132
blogspot.ca,d74g0n.blogspot.ca,1,2015-07-04,2015-07-04,ip,74.125.143.132
bandcamp.com,d74g0n.bandcamp.com,1,2015-05-15,2016-02-17,ip,72.8.190.34
tumblr.com,d74g0n.tumblr.com,1,2015-03-15,2016-07-14,ip,66.6.43.21
d74g0n.com,d74g0n.com,1,2015-03-09,2015-03-09,ip,184.168.221.80
d74g0n.com,www.d74g0n.com,1,2015-03-01,2015-03-01,ip,184.168.221.80
imgur.com,d74g0n.imgur.com,1,2015-02-28,2015-02-28,ip,199.27.76.193
blogspot.ca,d74g0n.blogspot.ca,1,2015-02-11,2015-02-11,ip,173.194.112.12
blogspot.ca,d74g0n.blogspot.ca,1,2015-02-11,2015-02-11,ip,173.194.112.10
blogspot.ca,d74g0n.blogspot.ca,1,2015-02-11,2015-02-11,ip,173.194.112.11
blogspot.ca,d74g0n.blogspot.ca,1,2015-01-31,2015-01-31,ip,64.233.165.132
blogspot.ca,d74g0n.blogspot.ca,1,2015-01-31,2015-01-31,ip,173.194.116.108
blogspot.ca,d74g0n.blogspot.ca,1,2015-01-31,2015-01-31,ip,173.194.116.106
blogspot.ca,d74g0n.blogspot.ca,1,2015-01-31,2015-01-31,ip,173.194.116.107
blogspot.ca,d74g0n.blogspot.ca,1,2015-01-28,2015-01-28,ip,173.194.116.202
blogspot.ca,d74g0n.blogspot.ca,1,2015-01-28,2015-01-28,ip,216.58.219.97
blogspot.ca,d74g0n.blogspot.ca,1,2015-01-28,2015-01-28,ip,173.194.116.204
blogspot.com.es,d74g0n.blogspot.com.es,1,2015-01-28,2015-01-28,ip,216.58.219.97
blogspot.ca,d74g0n.blogspot.ca,1,2015-01-28,2015-01-28,ip,173.194.116.203
blogspot.co.uk,d74g0n.blogspot.co.uk,1,2015-01-28,2015-01-28,ip,216.58.219.97
blogspot.ca,d74g0n.blogspot.ca,1,2014-11-20,2014-11-20,ip,74.125.204.132
blogspot.ca,d74g0n.blogspot.ca,1,2014-11-09,2014-11-09,ip,74.125.225.138
blogspot.ca,d74g0n.blogspot.ca,1,2014-11-09,2014-11-09,ip,74.125.225.140
blogspot.ca,d74g0n.blogspot.ca,1,2014-11-09,2014-11-09,ip,74.125.225.139
blogspot.ca,d74g0n.blogspot.ca,1,2014-11-01,2014-11-01,ip,74.125.225.76
blogspot.ca,d74g0n.blogspot.ca,1,2014-11-01,2014-11-01,ip,74.125.225.74
blogspot.ca,d74g0n.blogspot.ca,1,2014-11-01,2014-11-01,ip,74.125.225.75
wordpress.com,d74g0n.wordpress.com,1,2014-10-25,2018-04-20,ip,192.0.78.13
wordpress.com,d74g0n.wordpress.com,1,2014-10-25,2018-04-20,ip,192.0.78.12
bandcamp.com,d74g0n.bandcamp.com,1,2014-10-19,2014-10-19,ip,69.172.201.203
webs.com,d74g0n.webs.com,1,2014-10-04,2016-02-12,ip,75.98.17.65
blogspot.ca,d74g0n.blogspot.ca,1,2014-09-13,2014-09-13,ip,173.194.120.139
blogspot.ca,d74g0n.blogspot.ca,1,2014-09-13,2014-09-13,ip,173.194.120.138
blogspot.ca,d74g0n.blogspot.ca,1,2014-09-13,2014-09-13,ip,173.194.120.140
wordpress.com,d74g0n.wordpress.com,1,2014-08-25,2014-08-25,ip,192.0.78.8
wordpress.com,d74g0n.wordpress.com,1,2014-08-25,2014-08-25,ip,192.0.78.16
tumblr.com,d74g0n.tumblr.com,1,2014-08-16,2016-07-14,ip,66.6.41.21
blogspot.ca,d74g0n.blogspot.ca,1,2014-08-16,2014-08-16,ip,74.125.225.12
blogspot.ca,d74g0n.blogspot.ca,1,2014-08-16,2014-08-16,ip,74.125.225.10
bandcamp.com,d74g0n.bandcamp.com,1,2014-08-16,2016-02-17,ip,67.228.60.226
blogspot.ca,d74g0n.blogspot.ca,1,2014-08-16,2014-08-16,ip,74.125.225.11
tumblr.com,d74g0n.tumblr.com,1,2014-08-16,2016-07-14,ip,66.6.42.21
d74g0n.com,www.d74g0n.com,1,2014-08-08,2014-08-08,ip,50.63.202.20
d74g0n.com,d74g0n.com,1,2014-08-05,2014-08-05,ip,50.63.202.20
wordpress.com,d74g0n.wordpress.com,1,2014-08-02,2014-08-02,ip,66.155.11.238
blogspot.ca,d74g0n.blogspot.ca,1,2014-08-02,2014-08-02,ip,74.125.137.132
wordpress.com,d74g0n.wordpress.com,1,2014-08-02,2014-08-02,ip,192.0.81.250
wordpress.com,d74g0n.wordpress.com,1,2014-08-02,2014-08-02,ip,192.0.80.250
wordpress.com,d74g0n.wordpress.com,1,2014-08-02,2014-08-02,ip,66.155.9.238
wordpress.com,d74g0n.wordpress.com,1,2014-08-02,2014-08-02,ip,76.74.254.123
wordpress.com,d74g0n.wordpress.com,1,2014-08-02,2014-08-02,ip,76.74.254.120

hoq
hoq