uuid,event_id,category,type,value,comment,to_ids,date,object_relation,attribute_tag,object_uuid,object_name,object_meta_category,event_info,event_member_org,event_source_org,event_distribution,event_threat_level_id,event_analysis,event_date,event_tag,event_timestamp
"c7d797c9-7e28-487f-a221-929165dd6020",1184,"Network activity","url","https://twitter.com/plantlady293/status/1262133422912389121","",1,1589831266,"url","","1e4d0994-b5f3-4448-aa66-6ae7b811620e","microblog","misc","plandemic","covid-19","covid-19",3,"High",0,"2020-05-06","current-event:pandemic=""covid-19"",misp-galaxy:amitt-misinformation-pattern=""Create Master Narratives"",misp-galaxy:amitt-misinformation-pattern=""Create fake experts"",misp-galaxy:amitt-misinformation-pattern=""Cultivate useful idiots"",misp-galaxy:amitt-misinformation-pattern=""Clickbait"",misp-galaxy:amitt-misinformation-pattern=""Conspiracy narratives"",misp-galaxy:amitt-misinformation-pattern=""Create fake research"",misp-galaxy:amitt-misinformation-pattern=""Distort facts"",misp-galaxy:amitt-misinformation-pattern=""Generate information pollution"",misp-galaxy:amitt-misinformation-pattern=""Twitter"",misp-galaxy:amitt-misinformation-pattern=""YouTube"",misp-galaxy:amitt-misinformation-pattern=""Facebook"",misp-galaxy:amitt-misinformation-pattern=""Seed distortions"",misp-galaxy:amitt-misinformation-pattern=""Use SMS/ WhatsApp/ Chat apps"",misp-galaxy:amitt-misinformation-pattern=""Use fake experts"",misp-galaxy:amitt-misinformation-pattern=""Flooding"",COVID-19,pandemic:covid-19=""disinformation""",1590716377
"6aff308d-db4c-4431-a7d3-3b64d2299e13",1184,"Network activity","url","https://twitter.com/plantlady293/status/1262133422912389121/photo/1","",1,1589831266,"embedded-link","","1e4d0994-b5f3-4448-aa66-6ae7b811620e","microblog","misc","plandemic","covid-19","covid-19",3,"High",0,"2020-05-06","current-event:pandemic=""covid-19"",misp-galaxy:amitt-misinformation-pattern=""Create Master Narratives"",misp-galaxy:amitt-misinformation-pattern=""Create fake experts"",misp-galaxy:amitt-misinformation-pattern=""Cultivate useful idiots"",misp-galaxy:amitt-misinformation-pattern=""Clickbait"",misp-galaxy:amitt-misinformation-pattern=""Conspiracy narratives"",misp-galaxy:amitt-misinformation-pattern=""Create fake research"",misp-galaxy:amitt-misinformation-pattern=""Distort facts"",misp-galaxy:amitt-misinformation-pattern=""Generate information pollution"",misp-galaxy:amitt-misinformation-pattern=""Twitter"",misp-galaxy:amitt-misinformation-pattern=""YouTube"",misp-galaxy:amitt-misinformation-pattern=""Facebook"",misp-galaxy:amitt-misinformation-pattern=""Seed distortions"",misp-galaxy:amitt-misinformation-pattern=""Use SMS/ WhatsApp/ Chat apps"",misp-galaxy:amitt-misinformation-pattern=""Use fake experts"",misp-galaxy:amitt-misinformation-pattern=""Flooding"",COVID-19,pandemic:covid-19=""disinformation""",1590716377
"265fbcc0-2a00-4dee-83a3-c02714e43010",1184,"Network activity","url","https://t.co/ccPvEh7hdz","",1,1589831266,"embedded-link","","1e4d0994-b5f3-4448-aa66-6ae7b811620e","microblog","misc","plandemic","covid-19","covid-19",3,"High",0,"2020-05-06","current-event:pandemic=""covid-19"",misp-galaxy:amitt-misinformation-pattern=""Create Master Narratives"",misp-galaxy:amitt-misinformation-pattern=""Create fake experts"",misp-galaxy:amitt-misinformation-pattern=""Cultivate useful idiots"",misp-galaxy:amitt-misinformation-pattern=""Clickbait"",misp-galaxy:amitt-misinformation-pattern=""Conspiracy narratives"",misp-galaxy:amitt-misinformation-pattern=""Create fake research"",misp-galaxy:amitt-misinformation-pattern=""Distort facts"",misp-galaxy:amitt-misinformation-pattern=""Generate information pollution"",misp-galaxy:amitt-misinformation-pattern=""Twitter"",misp-galaxy:amitt-misinformation-pattern=""YouTube"",misp-galaxy:amitt-misinformation-pattern=""Facebook"",misp-galaxy:amitt-misinformation-pattern=""Seed distortions"",misp-galaxy:amitt-misinformation-pattern=""Use SMS/ WhatsApp/ Chat apps"",misp-galaxy:amitt-misinformation-pattern=""Use fake experts"",misp-galaxy:amitt-misinformation-pattern=""Flooding"",COVID-19,pandemic:covid-19=""disinformation""",1590716377
"c004d186-9731-41bf-947b-8af9bee41e69",1184,"Network activity","url","https://twitter.com/ARedPillReport/status/1262143458875228160","",1,1589831290,"url","","92ad79af-e593-40e5-a4b8-77e2b79fa30c","microblog","misc","plandemic","covid-19","covid-19",3,"High",0,"2020-05-06","current-event:pandemic=""covid-19"",misp-galaxy:amitt-misinformation-pattern=""Create Master Narratives"",misp-galaxy:amitt-misinformation-pattern=""Create fake experts"",misp-galaxy:amitt-misinformation-pattern=""Cultivate useful idiots"",misp-galaxy:amitt-misinformation-pattern=""Clickbait"",misp-galaxy:amitt-misinformation-pattern=""Conspiracy narratives"",misp-galaxy:amitt-misinformation-pattern=""Create fake research"",misp-galaxy:amitt-misinformation-pattern=""Distort facts"",misp-galaxy:amitt-misinformation-pattern=""Generate information pollution"",misp-galaxy:amitt-misinformation-pattern=""Twitter"",misp-galaxy:amitt-misinformation-pattern=""YouTube"",misp-galaxy:amitt-misinformation-pattern=""Facebook"",misp-galaxy:amitt-misinformation-pattern=""Seed distortions"",misp-galaxy:amitt-misinformation-pattern=""Use SMS/ WhatsApp/ Chat apps"",misp-galaxy:amitt-misinformation-pattern=""Use fake experts"",misp-galaxy:amitt-misinformation-pattern=""Flooding"",COVID-19,pandemic:covid-19=""disinformation""",1590716377
"bee59362-b2a8-4e1a-bc59-5a1d5fdfb06c",1184,"Network activity","url","https://flip.it/qX85SD","",1,1589831290,"embedded-link","","92ad79af-e593-40e5-a4b8-77e2b79fa30c","microblog","misc","plandemic","covid-19","covid-19",3,"High",0,"2020-05-06","current-event:pandemic=""covid-19"",misp-galaxy:amitt-misinformation-pattern=""Create Master Narratives"",misp-galaxy:amitt-misinformation-pattern=""Create fake experts"",misp-galaxy:amitt-misinformation-pattern=""Cultivate useful idiots"",misp-galaxy:amitt-misinformation-pattern=""Clickbait"",misp-galaxy:amitt-misinformation-pattern=""Conspiracy narratives"",misp-galaxy:amitt-misinformation-pattern=""Create fake research"",misp-galaxy:amitt-misinformation-pattern=""Distort facts"",misp-galaxy:amitt-misinformation-pattern=""Generate information pollution"",misp-galaxy:amitt-misinformation-pattern=""Twitter"",misp-galaxy:amitt-misinformation-pattern=""YouTube"",misp-galaxy:amitt-misinformation-pattern=""Facebook"",misp-galaxy:amitt-misinformation-pattern=""Seed distortions"",misp-galaxy:amitt-misinformation-pattern=""Use SMS/ WhatsApp/ Chat apps"",misp-galaxy:amitt-misinformation-pattern=""Use fake experts"",misp-galaxy:amitt-misinformation-pattern=""Flooding"",COVID-19,pandemic:covid-19=""disinformation""",1590716377
"3c1dba3b-bfe2-4897-a125-1673159690b2",1184,"Network activity","url","https://t.co/EChMzTeh1O","",1,1589831290,"embedded-link","","92ad79af-e593-40e5-a4b8-77e2b79fa30c","microblog","misc","plandemic","covid-19","covid-19",3,"High",0,"2020-05-06","current-event:pandemic=""covid-19"",misp-galaxy:amitt-misinformation-pattern=""Create Master Narratives"",misp-galaxy:amitt-misinformation-pattern=""Create fake experts"",misp-galaxy:amitt-misinformation-pattern=""Cultivate useful idiots"",misp-galaxy:amitt-misinformation-pattern=""Clickbait"",misp-galaxy:amitt-misinformation-pattern=""Conspiracy narratives"",misp-galaxy:amitt-misinformation-pattern=""Create fake research"",misp-galaxy:amitt-misinformation-pattern=""Distort facts"",misp-galaxy:amitt-misinformation-pattern=""Generate information pollution"",misp-galaxy:amitt-misinformation-pattern=""Twitter"",misp-galaxy:amitt-misinformation-pattern=""YouTube"",misp-galaxy:amitt-misinformation-pattern=""Facebook"",misp-galaxy:amitt-misinformation-pattern=""Seed distortions"",misp-galaxy:amitt-misinformation-pattern=""Use SMS/ WhatsApp/ Chat apps"",misp-galaxy:amitt-misinformation-pattern=""Use fake experts"",misp-galaxy:amitt-misinformation-pattern=""Flooding"",COVID-19,pandemic:covid-19=""disinformation""",1590716377
"cd97b4f2-ed19-4593-b926-4d5bf5cd0d6f",1184,"Network activity","url","https://twitter.com/HenryMakow/status/1261980711298445317","",1,1589831506,"url","","00154e60-4dcc-43f3-927d-d18354e53d0d","microblog","misc","plandemic","covid-19","covid-19",3,"High",0,"2020-05-06","current-event:pandemic=""covid-19"",misp-galaxy:amitt-misinformation-pattern=""Create Master Narratives"",misp-galaxy:amitt-misinformation-pattern=""Create fake experts"",misp-galaxy:amitt-misinformation-pattern=""Cultivate useful idiots"",misp-galaxy:amitt-misinformation-pattern=""Clickbait"",misp-galaxy:amitt-misinformation-pattern=""Conspiracy narratives"",misp-galaxy:amitt-misinformation-pattern=""Create fake research"",misp-galaxy:amitt-misinformation-pattern=""Distort facts"",misp-galaxy:amitt-misinformation-pattern=""Generate information pollution"",misp-galaxy:amitt-misinformation-pattern=""Twitter"",misp-galaxy:amitt-misinformation-pattern=""YouTube"",misp-galaxy:amitt-misinformation-pattern=""Facebook"",misp-galaxy:amitt-misinformation-pattern=""Seed distortions"",misp-galaxy:amitt-misinformation-pattern=""Use SMS/ WhatsApp/ Chat apps"",misp-galaxy:amitt-misinformation-pattern=""Use fake experts"",misp-galaxy:amitt-misinformation-pattern=""Flooding"",COVID-19,pandemic:covid-19=""disinformation""",1590716377
"46386345-8987-440a-8656-bf68f609a0b6",1184,"Network activity","url","https://www.youtube.com/watch?v=ynCYggioBLc","",1,1589831506,"embedded-link","","00154e60-4dcc-43f3-927d-d18354e53d0d","microblog","misc","plandemic","covid-19","covid-19",3,"High",0,"2020-05-06","current-event:pandemic=""covid-19"",misp-galaxy:amitt-misinformation-pattern=""Create Master Narratives"",misp-galaxy:amitt-misinformation-pattern=""Create fake experts"",misp-galaxy:amitt-misinformation-pattern=""Cultivate useful idiots"",misp-galaxy:amitt-misinformation-pattern=""Clickbait"",misp-galaxy:amitt-misinformation-pattern=""Conspiracy narratives"",misp-galaxy:amitt-misinformation-pattern=""Create fake research"",misp-galaxy:amitt-misinformation-pattern=""Distort facts"",misp-galaxy:amitt-misinformation-pattern=""Generate information pollution"",misp-galaxy:amitt-misinformation-pattern=""Twitter"",misp-galaxy:amitt-misinformation-pattern=""YouTube"",misp-galaxy:amitt-misinformation-pattern=""Facebook"",misp-galaxy:amitt-misinformation-pattern=""Seed distortions"",misp-galaxy:amitt-misinformation-pattern=""Use SMS/ WhatsApp/ Chat apps"",misp-galaxy:amitt-misinformation-pattern=""Use fake experts"",misp-galaxy:amitt-misinformation-pattern=""Flooding"",COVID-19,pandemic:covid-19=""disinformation""",1590716377
"fcd36861-d646-4cb7-a42d-bcce7e3d6317",1184,"Network activity","url","https://florence9.loader.to/api/get.php?id=a659d95aedbd108bb630fcce752","",1,1589831506,"embedded-link","","00154e60-4dcc-43f3-927d-d18354e53d0d","microblog","misc","plandemic","covid-19","covid-19",3,"High",0,"2020-05-06","current-event:pandemic=""covid-19"",misp-galaxy:amitt-misinformation-pattern=""Create Master Narratives"",misp-galaxy:amitt-misinformation-pattern=""Create fake experts"",misp-galaxy:amitt-misinformation-pattern=""Cultivate useful idiots"",misp-galaxy:amitt-misinformation-pattern=""Clickbait"",misp-galaxy:amitt-misinformation-pattern=""Conspiracy narratives"",misp-galaxy:amitt-misinformation-pattern=""Create fake research"",misp-galaxy:amitt-misinformation-pattern=""Distort facts"",misp-galaxy:amitt-misinformation-pattern=""Generate information pollution"",misp-galaxy:amitt-misinformation-pattern=""Twitter"",misp-galaxy:amitt-misinformation-pattern=""YouTube"",misp-galaxy:amitt-misinformation-pattern=""Facebook"",misp-galaxy:amitt-misinformation-pattern=""Seed distortions"",misp-galaxy:amitt-misinformation-pattern=""Use SMS/ WhatsApp/ Chat apps"",misp-galaxy:amitt-misinformation-pattern=""Use fake experts"",misp-galaxy:amitt-misinformation-pattern=""Flooding"",COVID-19,pandemic:covid-19=""disinformation""",1590716377
"c25075bc-61f4-408e-b83c-f96f56672413",1184,"Network activity","url","https://t.co/BGkNToViZP","",1,1589831506,"embedded-link","","00154e60-4dcc-43f3-927d-d18354e53d0d","microblog","misc","plandemic","covid-19","covid-19",3,"High",0,"2020-05-06","current-event:pandemic=""covid-19"",misp-galaxy:amitt-misinformation-pattern=""Create Master Narratives"",misp-galaxy:amitt-misinformation-pattern=""Create fake experts"",misp-galaxy:amitt-misinformation-pattern=""Cultivate useful idiots"",misp-galaxy:amitt-misinformation-pattern=""Clickbait"",misp-galaxy:amitt-misinformation-pattern=""Conspiracy narratives"",misp-galaxy:amitt-misinformation-pattern=""Create fake research"",misp-galaxy:amitt-misinformation-pattern=""Distort facts"",misp-galaxy:amitt-misinformation-pattern=""Generate information pollution"",misp-galaxy:amitt-misinformation-pattern=""Twitter"",misp-galaxy:amitt-misinformation-pattern=""YouTube"",misp-galaxy:amitt-misinformation-pattern=""Facebook"",misp-galaxy:amitt-misinformation-pattern=""Seed distortions"",misp-galaxy:amitt-misinformation-pattern=""Use SMS/ WhatsApp/ Chat apps"",misp-galaxy:amitt-misinformation-pattern=""Use fake experts"",misp-galaxy:amitt-misinformation-pattern=""Flooding"",COVID-19,pandemic:covid-19=""disinformation""",1590716377
"744b4876-fee1-412c-89c9-038426cb26f4",1184,"Network activity","url","https://t.co/N8cHnB3djD","",1,1589831506,"embedded-link","","00154e60-4dcc-43f3-927d-d18354e53d0d","microblog","misc","plandemic","covid-19","covid-19",3,"High",0,"2020-05-06","current-event:pandemic=""covid-19"",misp-galaxy:amitt-misinformation-pattern=""Create Master Narratives"",misp-galaxy:amitt-misinformation-pattern=""Create fake experts"",misp-galaxy:amitt-misinformation-pattern=""Cultivate useful idiots"",misp-galaxy:amitt-misinformation-pattern=""Clickbait"",misp-galaxy:amitt-misinformation-pattern=""Conspiracy narratives"",misp-galaxy:amitt-misinformation-pattern=""Create fake research"",misp-galaxy:amitt-misinformation-pattern=""Distort facts"",misp-galaxy:amitt-misinformation-pattern=""Generate information pollution"",misp-galaxy:amitt-misinformation-pattern=""Twitter"",misp-galaxy:amitt-misinformation-pattern=""YouTube"",misp-galaxy:amitt-misinformation-pattern=""Facebook"",misp-galaxy:amitt-misinformation-pattern=""Seed distortions"",misp-galaxy:amitt-misinformation-pattern=""Use SMS/ WhatsApp/ Chat apps"",misp-galaxy:amitt-misinformation-pattern=""Use fake experts"",misp-galaxy:amitt-misinformation-pattern=""Flooding"",COVID-19,pandemic:covid-19=""disinformation""",1590716377
"ed686245-f70f-4d40-8701-d0a5f49d62c7",1184,"Network activity","url","https://twitter.com/prayingmedic/status/1262006893939060738","",1,1589831564,"url","","b59cfb1d-129f-46c2-afd0-5ec8e37fac90","microblog","misc","plandemic","covid-19","covid-19",3,"High",0,"2020-05-06","current-event:pandemic=""covid-19"",misp-galaxy:amitt-misinformation-pattern=""Create Master Narratives"",misp-galaxy:amitt-misinformation-pattern=""Create fake experts"",misp-galaxy:amitt-misinformation-pattern=""Cultivate useful idiots"",misp-galaxy:amitt-misinformation-pattern=""Clickbait"",misp-galaxy:amitt-misinformation-pattern=""Conspiracy narratives"",misp-galaxy:amitt-misinformation-pattern=""Create fake research"",misp-galaxy:amitt-misinformation-pattern=""Distort facts"",misp-galaxy:amitt-misinformation-pattern=""Generate information pollution"",misp-galaxy:amitt-misinformation-pattern=""Twitter"",misp-galaxy:amitt-misinformation-pattern=""YouTube"",misp-galaxy:amitt-misinformation-pattern=""Facebook"",misp-galaxy:amitt-misinformation-pattern=""Seed distortions"",misp-galaxy:amitt-misinformation-pattern=""Use SMS/ WhatsApp/ Chat apps"",misp-galaxy:amitt-misinformation-pattern=""Use fake experts"",misp-galaxy:amitt-misinformation-pattern=""Flooding"",COVID-19,pandemic:covid-19=""disinformation""",1590716377
"962e228c-0eae-4f3f-972b-a8b7ed897344",1184,"Network activity","url","https://twitter.com/Acyn/status/1261829390951788544/video/1","",1,1589831564,"embedded-link","","b59cfb1d-129f-46c2-afd0-5ec8e37fac90","microblog","misc","plandemic","covid-19","covid-19",3,"High",0,"2020-05-06","current-event:pandemic=""covid-19"",misp-galaxy:amitt-misinformation-pattern=""Create Master Narratives"",misp-galaxy:amitt-misinformation-pattern=""Create fake experts"",misp-galaxy:amitt-misinformation-pattern=""Cultivate useful idiots"",misp-galaxy:amitt-misinformation-pattern=""Clickbait"",misp-galaxy:amitt-misinformation-pattern=""Conspiracy narratives"",misp-galaxy:amitt-misinformation-pattern=""Create fake research"",misp-galaxy:amitt-misinformation-pattern=""Distort facts"",misp-galaxy:amitt-misinformation-pattern=""Generate information pollution"",misp-galaxy:amitt-misinformation-pattern=""Twitter"",misp-galaxy:amitt-misinformation-pattern=""YouTube"",misp-galaxy:amitt-misinformation-pattern=""Facebook"",misp-galaxy:amitt-misinformation-pattern=""Seed distortions"",misp-galaxy:amitt-misinformation-pattern=""Use SMS/ WhatsApp/ Chat apps"",misp-galaxy:amitt-misinformation-pattern=""Use fake experts"",misp-galaxy:amitt-misinformation-pattern=""Flooding"",COVID-19,pandemic:covid-19=""disinformation""",1590716377
"3698ad5b-5abd-48e1-8f6c-87c9dbfa5575",1184,"Network activity","url","https://t.co/thZThN2lLL","",1,1589831564,"embedded-link","","b59cfb1d-129f-46c2-afd0-5ec8e37fac90","microblog","misc","plandemic","covid-19","covid-19",3,"High",0,"2020-05-06","current-event:pandemic=""covid-19"",misp-galaxy:amitt-misinformation-pattern=""Create Master Narratives"",misp-galaxy:amitt-misinformation-pattern=""Create fake experts"",misp-galaxy:amitt-misinformation-pattern=""Cultivate useful idiots"",misp-galaxy:amitt-misinformation-pattern=""Clickbait"",misp-galaxy:amitt-misinformation-pattern=""Conspiracy narratives"",misp-galaxy:amitt-misinformation-pattern=""Create fake research"",misp-galaxy:amitt-misinformation-pattern=""Distort facts"",misp-galaxy:amitt-misinformation-pattern=""Generate information pollution"",misp-galaxy:amitt-misinformation-pattern=""Twitter"",misp-galaxy:amitt-misinformation-pattern=""YouTube"",misp-galaxy:amitt-misinformation-pattern=""Facebook"",misp-galaxy:amitt-misinformation-pattern=""Seed distortions"",misp-galaxy:amitt-misinformation-pattern=""Use SMS/ WhatsApp/ Chat apps"",misp-galaxy:amitt-misinformation-pattern=""Use fake experts"",misp-galaxy:amitt-misinformation-pattern=""Flooding"",COVID-19,pandemic:covid-19=""disinformation""",1590716377
"8593edc7-e874-42f3-afbe-3b9b30844cf1",1184,"Network activity","url","https://twitter.com/Thomas1774Paine/status/1262156051815845889","",1,1589831688,"url","","6cf58817-b0f8-4649-b116-20d98755b07e","microblog","misc","plandemic","covid-19","covid-19",3,"High",0,"2020-05-06","current-event:pandemic=""covid-19"",misp-galaxy:amitt-misinformation-pattern=""Create Master Narratives"",misp-galaxy:amitt-misinformation-pattern=""Create fake experts"",misp-galaxy:amitt-misinformation-pattern=""Cultivate useful idiots"",misp-galaxy:amitt-misinformation-pattern=""Clickbait"",misp-galaxy:amitt-misinformation-pattern=""Conspiracy narratives"",misp-galaxy:amitt-misinformation-pattern=""Create fake research"",misp-galaxy:amitt-misinformation-pattern=""Distort facts"",misp-galaxy:amitt-misinformation-pattern=""Generate information pollution"",misp-galaxy:amitt-misinformation-pattern=""Twitter"",misp-galaxy:amitt-misinformation-pattern=""YouTube"",misp-galaxy:amitt-misinformation-pattern=""Facebook"",misp-galaxy:amitt-misinformation-pattern=""Seed distortions"",misp-galaxy:amitt-misinformation-pattern=""Use SMS/ WhatsApp/ Chat apps"",misp-galaxy:amitt-misinformation-pattern=""Use fake experts"",misp-galaxy:amitt-misinformation-pattern=""Flooding"",COVID-19,pandemic:covid-19=""disinformation""",1590716377
"dc5d7caf-9547-488f-a6a9-4d04adaf97bc",1184,"Network activity","url","http://ow.ly/C6IT30qGqFM","",1,1589831688,"embedded-link","","6cf58817-b0f8-4649-b116-20d98755b07e","microblog","misc","plandemic","covid-19","covid-19",3,"High",0,"2020-05-06","current-event:pandemic=""covid-19"",misp-galaxy:amitt-misinformation-pattern=""Create Master Narratives"",misp-galaxy:amitt-misinformation-pattern=""Create fake experts"",misp-galaxy:amitt-misinformation-pattern=""Cultivate useful idiots"",misp-galaxy:amitt-misinformation-pattern=""Clickbait"",misp-galaxy:amitt-misinformation-pattern=""Conspiracy narratives"",misp-galaxy:amitt-misinformation-pattern=""Create fake research"",misp-galaxy:amitt-misinformation-pattern=""Distort facts"",misp-galaxy:amitt-misinformation-pattern=""Generate information pollution"",misp-galaxy:amitt-misinformation-pattern=""Twitter"",misp-galaxy:amitt-misinformation-pattern=""YouTube"",misp-galaxy:amitt-misinformation-pattern=""Facebook"",misp-galaxy:amitt-misinformation-pattern=""Seed distortions"",misp-galaxy:amitt-misinformation-pattern=""Use SMS/ WhatsApp/ Chat apps"",misp-galaxy:amitt-misinformation-pattern=""Use fake experts"",misp-galaxy:amitt-misinformation-pattern=""Flooding"",COVID-19,pandemic:covid-19=""disinformation""",1590716377
"196a1ef0-369c-43d5-9e76-bd1a2572cdc6",1184,"Network activity","url","https://t.co/MImepTvth4","",1,1589831688,"embedded-link","","6cf58817-b0f8-4649-b116-20d98755b07e","microblog","misc","plandemic","covid-19","covid-19",3,"High",0,"2020-05-06","current-event:pandemic=""covid-19"",misp-galaxy:amitt-misinformation-pattern=""Create Master Narratives"",misp-galaxy:amitt-misinformation-pattern=""Create fake experts"",misp-galaxy:amitt-misinformation-pattern=""Cultivate useful idiots"",misp-galaxy:amitt-misinformation-pattern=""Clickbait"",misp-galaxy:amitt-misinformation-pattern=""Conspiracy narratives"",misp-galaxy:amitt-misinformation-pattern=""Create fake research"",misp-galaxy:amitt-misinformation-pattern=""Distort facts"",misp-galaxy:amitt-misinformation-pattern=""Generate information pollution"",misp-galaxy:amitt-misinformation-pattern=""Twitter"",misp-galaxy:amitt-misinformation-pattern=""YouTube"",misp-galaxy:amitt-misinformation-pattern=""Facebook"",misp-galaxy:amitt-misinformation-pattern=""Seed distortions"",misp-galaxy:amitt-misinformation-pattern=""Use SMS/ WhatsApp/ Chat apps"",misp-galaxy:amitt-misinformation-pattern=""Use fake experts"",misp-galaxy:amitt-misinformation-pattern=""Flooding"",COVID-19,pandemic:covid-19=""disinformation""",1590716377
"ba000aa0-7d8a-4cb1-884a-87588e360abb",1184,"Network activity","url","https://twitter.com/HenryMakow/status/1261980711298445317","",1,1589831706,"url","","d5dfd393-ab8f-4c17-a445-f72e0604f139","microblog","misc","plandemic","covid-19","covid-19",3,"High",0,"2020-05-06","current-event:pandemic=""covid-19"",misp-galaxy:amitt-misinformation-pattern=""Create Master Narratives"",misp-galaxy:amitt-misinformation-pattern=""Create fake experts"",misp-galaxy:amitt-misinformation-pattern=""Cultivate useful idiots"",misp-galaxy:amitt-misinformation-pattern=""Clickbait"",misp-galaxy:amitt-misinformation-pattern=""Conspiracy narratives"",misp-galaxy:amitt-misinformation-pattern=""Create fake research"",misp-galaxy:amitt-misinformation-pattern=""Distort facts"",misp-galaxy:amitt-misinformation-pattern=""Generate information pollution"",misp-galaxy:amitt-misinformation-pattern=""Twitter"",misp-galaxy:amitt-misinformation-pattern=""YouTube"",misp-galaxy:amitt-misinformation-pattern=""Facebook"",misp-galaxy:amitt-misinformation-pattern=""Seed distortions"",misp-galaxy:amitt-misinformation-pattern=""Use SMS/ WhatsApp/ Chat apps"",misp-galaxy:amitt-misinformation-pattern=""Use fake experts"",misp-galaxy:amitt-misinformation-pattern=""Flooding"",COVID-19,pandemic:covid-19=""disinformation""",1590716377
"4454fe75-fa00-4bd8-9a24-1d6390d6f69b",1184,"Network activity","url","https://www.youtube.com/watch?v=ynCYggioBLc","",1,1589831706,"embedded-link","","d5dfd393-ab8f-4c17-a445-f72e0604f139","microblog","misc","plandemic","covid-19","covid-19",3,"High",0,"2020-05-06","current-event:pandemic=""covid-19"",misp-galaxy:amitt-misinformation-pattern=""Create Master Narratives"",misp-galaxy:amitt-misinformation-pattern=""Create fake experts"",misp-galaxy:amitt-misinformation-pattern=""Cultivate useful idiots"",misp-galaxy:amitt-misinformation-pattern=""Clickbait"",misp-galaxy:amitt-misinformation-pattern=""Conspiracy narratives"",misp-galaxy:amitt-misinformation-pattern=""Create fake research"",misp-galaxy:amitt-misinformation-pattern=""Distort facts"",misp-galaxy:amitt-misinformation-pattern=""Generate information pollution"",misp-galaxy:amitt-misinformation-pattern=""Twitter"",misp-galaxy:amitt-misinformation-pattern=""YouTube"",misp-galaxy:amitt-misinformation-pattern=""Facebook"",misp-galaxy:amitt-misinformation-pattern=""Seed distortions"",misp-galaxy:amitt-misinformation-pattern=""Use SMS/ WhatsApp/ Chat apps"",misp-galaxy:amitt-misinformation-pattern=""Use fake experts"",misp-galaxy:amitt-misinformation-pattern=""Flooding"",COVID-19,pandemic:covid-19=""disinformation""",1590716377
"9533db74-1a68-4a12-bb62-f57ad166494e",1184,"Network activity","url","https://florence9.loader.to/api/get.php?id=a659d95aedbd108bb630fcce752","",1,1589831706,"embedded-link","","d5dfd393-ab8f-4c17-a445-f72e0604f139","microblog","misc","plandemic","covid-19","covid-19",3,"High",0,"2020-05-06","current-event:pandemic=""covid-19"",misp-galaxy:amitt-misinformation-pattern=""Create Master Narratives"",misp-galaxy:amitt-misinformation-pattern=""Create fake experts"",misp-galaxy:amitt-misinformation-pattern=""Cultivate useful idiots"",misp-galaxy:amitt-misinformation-pattern=""Clickbait"",misp-galaxy:amitt-misinformation-pattern=""Conspiracy narratives"",misp-galaxy:amitt-misinformation-pattern=""Create fake research"",misp-galaxy:amitt-misinformation-pattern=""Distort facts"",misp-galaxy:amitt-misinformation-pattern=""Generate information pollution"",misp-galaxy:amitt-misinformation-pattern=""Twitter"",misp-galaxy:amitt-misinformation-pattern=""YouTube"",misp-galaxy:amitt-misinformation-pattern=""Facebook"",misp-galaxy:amitt-misinformation-pattern=""Seed distortions"",misp-galaxy:amitt-misinformation-pattern=""Use SMS/ WhatsApp/ Chat apps"",misp-galaxy:amitt-misinformation-pattern=""Use fake experts"",misp-galaxy:amitt-misinformation-pattern=""Flooding"",COVID-19,pandemic:covid-19=""disinformation""",1590716377
"6010d660-1daa-4322-9c1b-9a5e9c6eee0f",1184,"Network activity","url","https://t.co/BGkNToViZP","",1,1589831706,"embedded-link","","d5dfd393-ab8f-4c17-a445-f72e0604f139","microblog","misc","plandemic","covid-19","covid-19",3,"High",0,"2020-05-06","current-event:pandemic=""covid-19"",misp-galaxy:amitt-misinformation-pattern=""Create Master Narratives"",misp-galaxy:amitt-misinformation-pattern=""Create fake experts"",misp-galaxy:amitt-misinformation-pattern=""Cultivate useful idiots"",misp-galaxy:amitt-misinformation-pattern=""Clickbait"",misp-galaxy:amitt-misinformation-pattern=""Conspiracy narratives"",misp-galaxy:amitt-misinformation-pattern=""Create fake research"",misp-galaxy:amitt-misinformation-pattern=""Distort facts"",misp-galaxy:amitt-misinformation-pattern=""Generate information pollution"",misp-galaxy:amitt-misinformation-pattern=""Twitter"",misp-galaxy:amitt-misinformation-pattern=""YouTube"",misp-galaxy:amitt-misinformation-pattern=""Facebook"",misp-galaxy:amitt-misinformation-pattern=""Seed distortions"",misp-galaxy:amitt-misinformation-pattern=""Use SMS/ WhatsApp/ Chat apps"",misp-galaxy:amitt-misinformation-pattern=""Use fake experts"",misp-galaxy:amitt-misinformation-pattern=""Flooding"",COVID-19,pandemic:covid-19=""disinformation""",1590716377
"584fc7be-2e90-4368-bbdf-c653f4e55a95",1184,"Network activity","url","https://t.co/N8cHnB3djD","",1,1589831706,"embedded-link","","d5dfd393-ab8f-4c17-a445-f72e0604f139","microblog","misc","plandemic","covid-19","covid-19",3,"High",0,"2020-05-06","current-event:pandemic=""covid-19"",misp-galaxy:amitt-misinformation-pattern=""Create Master Narratives"",misp-galaxy:amitt-misinformation-pattern=""Create fake experts"",misp-galaxy:amitt-misinformation-pattern=""Cultivate useful idiots"",misp-galaxy:amitt-misinformation-pattern=""Clickbait"",misp-galaxy:amitt-misinformation-pattern=""Conspiracy narratives"",misp-galaxy:amitt-misinformation-pattern=""Create fake research"",misp-galaxy:amitt-misinformation-pattern=""Distort facts"",misp-galaxy:amitt-misinformation-pattern=""Generate information pollution"",misp-galaxy:amitt-misinformation-pattern=""Twitter"",misp-galaxy:amitt-misinformation-pattern=""YouTube"",misp-galaxy:amitt-misinformation-pattern=""Facebook"",misp-galaxy:amitt-misinformation-pattern=""Seed distortions"",misp-galaxy:amitt-misinformation-pattern=""Use SMS/ WhatsApp/ Chat apps"",misp-galaxy:amitt-misinformation-pattern=""Use fake experts"",misp-galaxy:amitt-misinformation-pattern=""Flooding"",COVID-19,pandemic:covid-19=""disinformation""",1590716377
"9e9da067-c111-47e1-80ba-f592be2a1172",1184,"Network activity","url","https://twitter.com/Patriqtscott/status/1262178428675129344","",1,1589831722,"url","","04faa93f-d703-49e0-a132-75aed3abc434","microblog","misc","plandemic","covid-19","covid-19",3,"High",0,"2020-05-06","current-event:pandemic=""covid-19"",misp-galaxy:amitt-misinformation-pattern=""Create Master Narratives"",misp-galaxy:amitt-misinformation-pattern=""Create fake experts"",misp-galaxy:amitt-misinformation-pattern=""Cultivate useful idiots"",misp-galaxy:amitt-misinformation-pattern=""Clickbait"",misp-galaxy:amitt-misinformation-pattern=""Conspiracy narratives"",misp-galaxy:amitt-misinformation-pattern=""Create fake research"",misp-galaxy:amitt-misinformation-pattern=""Distort facts"",misp-galaxy:amitt-misinformation-pattern=""Generate information pollution"",misp-galaxy:amitt-misinformation-pattern=""Twitter"",misp-galaxy:amitt-misinformation-pattern=""YouTube"",misp-galaxy:amitt-misinformation-pattern=""Facebook"",misp-galaxy:amitt-misinformation-pattern=""Seed distortions"",misp-galaxy:amitt-misinformation-pattern=""Use SMS/ WhatsApp/ Chat apps"",misp-galaxy:amitt-misinformation-pattern=""Use fake experts"",misp-galaxy:amitt-misinformation-pattern=""Flooding"",COVID-19,pandemic:covid-19=""disinformation""",1590716377
"8e446005-f24f-4803-97c6-c717695d95d1",1184,"Network activity","url","https://twitter.com/jaketapper/status/1262020554833498113","",1,1589831722,"embedded-link","","04faa93f-d703-49e0-a132-75aed3abc434","microblog","misc","plandemic","covid-19","covid-19",3,"High",0,"2020-05-06","current-event:pandemic=""covid-19"",misp-galaxy:amitt-misinformation-pattern=""Create Master Narratives"",misp-galaxy:amitt-misinformation-pattern=""Create fake experts"",misp-galaxy:amitt-misinformation-pattern=""Cultivate useful idiots"",misp-galaxy:amitt-misinformation-pattern=""Clickbait"",misp-galaxy:amitt-misinformation-pattern=""Conspiracy narratives"",misp-galaxy:amitt-misinformation-pattern=""Create fake research"",misp-galaxy:amitt-misinformation-pattern=""Distort facts"",misp-galaxy:amitt-misinformation-pattern=""Generate information pollution"",misp-galaxy:amitt-misinformation-pattern=""Twitter"",misp-galaxy:amitt-misinformation-pattern=""YouTube"",misp-galaxy:amitt-misinformation-pattern=""Facebook"",misp-galaxy:amitt-misinformation-pattern=""Seed distortions"",misp-galaxy:amitt-misinformation-pattern=""Use SMS/ WhatsApp/ Chat apps"",misp-galaxy:amitt-misinformation-pattern=""Use fake experts"",misp-galaxy:amitt-misinformation-pattern=""Flooding"",COVID-19,pandemic:covid-19=""disinformation""",1590716377
"72cfd6e2-e853-4855-b3a1-6fdd48b73314",1184,"Network activity","url","https://t.co/tQ77N8x6l6","",1,1589831722,"embedded-link","","04faa93f-d703-49e0-a132-75aed3abc434","microblog","misc","plandemic","covid-19","covid-19",3,"High",0,"2020-05-06","current-event:pandemic=""covid-19"",misp-galaxy:amitt-misinformation-pattern=""Create Master Narratives"",misp-galaxy:amitt-misinformation-pattern=""Create fake experts"",misp-galaxy:amitt-misinformation-pattern=""Cultivate useful idiots"",misp-galaxy:amitt-misinformation-pattern=""Clickbait"",misp-galaxy:amitt-misinformation-pattern=""Conspiracy narratives"",misp-galaxy:amitt-misinformation-pattern=""Create fake research"",misp-galaxy:amitt-misinformation-pattern=""Distort facts"",misp-galaxy:amitt-misinformation-pattern=""Generate information pollution"",misp-galaxy:amitt-misinformation-pattern=""Twitter"",misp-galaxy:amitt-misinformation-pattern=""YouTube"",misp-galaxy:amitt-misinformation-pattern=""Facebook"",misp-galaxy:amitt-misinformation-pattern=""Seed distortions"",misp-galaxy:amitt-misinformation-pattern=""Use SMS/ WhatsApp/ Chat apps"",misp-galaxy:amitt-misinformation-pattern=""Use fake experts"",misp-galaxy:amitt-misinformation-pattern=""Flooding"",COVID-19,pandemic:covid-19=""disinformation""",1590716377
"2ca64497-eadb-4223-869b-f5638433cf84",1184,"Network activity","url","https://twitter.com/LotusOak2/status/1262178796968521728","",1,1589831735,"url","","bbcaa856-7f4f-438a-a012-bf3560c40235","microblog","misc","plandemic","covid-19","covid-19",3,"High",0,"2020-05-06","current-event:pandemic=""covid-19"",misp-galaxy:amitt-misinformation-pattern=""Create Master Narratives"",misp-galaxy:amitt-misinformation-pattern=""Create fake experts"",misp-galaxy:amitt-misinformation-pattern=""Cultivate useful idiots"",misp-galaxy:amitt-misinformation-pattern=""Clickbait"",misp-galaxy:amitt-misinformation-pattern=""Conspiracy narratives"",misp-galaxy:amitt-misinformation-pattern=""Create fake research"",misp-galaxy:amitt-misinformation-pattern=""Distort facts"",misp-galaxy:amitt-misinformation-pattern=""Generate information pollution"",misp-galaxy:amitt-misinformation-pattern=""Twitter"",misp-galaxy:amitt-misinformation-pattern=""YouTube"",misp-galaxy:amitt-misinformation-pattern=""Facebook"",misp-galaxy:amitt-misinformation-pattern=""Seed distortions"",misp-galaxy:amitt-misinformation-pattern=""Use SMS/ WhatsApp/ Chat apps"",misp-galaxy:amitt-misinformation-pattern=""Use fake experts"",misp-galaxy:amitt-misinformation-pattern=""Flooding"",COVID-19,pandemic:covid-19=""disinformation""",1590716377
"d7b853f0-7336-4218-a7a4-f4aba009fa27",1184,"Network activity","url","https://petitions.whitehouse.gov/petition/subpeona-dr-judy-mikovits-testify-congress-corruption-dr-anthony-fauci","",1,1589831735,"embedded-link","","bbcaa856-7f4f-438a-a012-bf3560c40235","microblog","misc","plandemic","covid-19","covid-19",3,"High",0,"2020-05-06","current-event:pandemic=""covid-19"",misp-galaxy:amitt-misinformation-pattern=""Create Master Narratives"",misp-galaxy:amitt-misinformation-pattern=""Create fake experts"",misp-galaxy:amitt-misinformation-pattern=""Cultivate useful idiots"",misp-galaxy:amitt-misinformation-pattern=""Clickbait"",misp-galaxy:amitt-misinformation-pattern=""Conspiracy narratives"",misp-galaxy:amitt-misinformation-pattern=""Create fake research"",misp-galaxy:amitt-misinformation-pattern=""Distort facts"",misp-galaxy:amitt-misinformation-pattern=""Generate information pollution"",misp-galaxy:amitt-misinformation-pattern=""Twitter"",misp-galaxy:amitt-misinformation-pattern=""YouTube"",misp-galaxy:amitt-misinformation-pattern=""Facebook"",misp-galaxy:amitt-misinformation-pattern=""Seed distortions"",misp-galaxy:amitt-misinformation-pattern=""Use SMS/ WhatsApp/ Chat apps"",misp-galaxy:amitt-misinformation-pattern=""Use fake experts"",misp-galaxy:amitt-misinformation-pattern=""Flooding"",COVID-19,pandemic:covid-19=""disinformation""",1590716377
"81aa845a-1c8a-453d-b8d6-43b6b1581a5b",1184,"Network activity","url","https://t.co/vcZnSOlmlF","",1,1589831735,"embedded-link","","bbcaa856-7f4f-438a-a012-bf3560c40235","microblog","misc","plandemic","covid-19","covid-19",3,"High",0,"2020-05-06","current-event:pandemic=""covid-19"",misp-galaxy:amitt-misinformation-pattern=""Create Master Narratives"",misp-galaxy:amitt-misinformation-pattern=""Create fake experts"",misp-galaxy:amitt-misinformation-pattern=""Cultivate useful idiots"",misp-galaxy:amitt-misinformation-pattern=""Clickbait"",misp-galaxy:amitt-misinformation-pattern=""Conspiracy narratives"",misp-galaxy:amitt-misinformation-pattern=""Create fake research"",misp-galaxy:amitt-misinformation-pattern=""Distort facts"",misp-galaxy:amitt-misinformation-pattern=""Generate information pollution"",misp-galaxy:amitt-misinformation-pattern=""Twitter"",misp-galaxy:amitt-misinformation-pattern=""YouTube"",misp-galaxy:amitt-misinformation-pattern=""Facebook"",misp-galaxy:amitt-misinformation-pattern=""Seed distortions"",misp-galaxy:amitt-misinformation-pattern=""Use SMS/ WhatsApp/ Chat apps"",misp-galaxy:amitt-misinformation-pattern=""Use fake experts"",misp-galaxy:amitt-misinformation-pattern=""Flooding"",COVID-19,pandemic:covid-19=""disinformation""",1590716377
"d1af116f-75d9-4ba1-8afa-74d724a9a83c",1184,"Network activity","url","https://twitter.com/LotusOak2/status/1262178796968521728/photo/1","",1,1589831735,"embedded-link","","bbcaa856-7f4f-438a-a012-bf3560c40235","microblog","misc","plandemic","covid-19","covid-19",3,"High",0,"2020-05-06","current-event:pandemic=""covid-19"",misp-galaxy:amitt-misinformation-pattern=""Create Master Narratives"",misp-galaxy:amitt-misinformation-pattern=""Create fake experts"",misp-galaxy:amitt-misinformation-pattern=""Cultivate useful idiots"",misp-galaxy:amitt-misinformation-pattern=""Clickbait"",misp-galaxy:amitt-misinformation-pattern=""Conspiracy narratives"",misp-galaxy:amitt-misinformation-pattern=""Create fake research"",misp-galaxy:amitt-misinformation-pattern=""Distort facts"",misp-galaxy:amitt-misinformation-pattern=""Generate information pollution"",misp-galaxy:amitt-misinformation-pattern=""Twitter"",misp-galaxy:amitt-misinformation-pattern=""YouTube"",misp-galaxy:amitt-misinformation-pattern=""Facebook"",misp-galaxy:amitt-misinformation-pattern=""Seed distortions"",misp-galaxy:amitt-misinformation-pattern=""Use SMS/ WhatsApp/ Chat apps"",misp-galaxy:amitt-misinformation-pattern=""Use fake experts"",misp-galaxy:amitt-misinformation-pattern=""Flooding"",COVID-19,pandemic:covid-19=""disinformation""",1590716377
"28ed3eb5-f5a2-4997-bad2-029d1438973b",1184,"Network activity","url","https://t.co/bbJ0Q5uju8","",1,1589831735,"embedded-link","","bbcaa856-7f4f-438a-a012-bf3560c40235","microblog","misc","plandemic","covid-19","covid-19",3,"High",0,"2020-05-06","current-event:pandemic=""covid-19"",misp-galaxy:amitt-misinformation-pattern=""Create Master Narratives"",misp-galaxy:amitt-misinformation-pattern=""Create fake experts"",misp-galaxy:amitt-misinformation-pattern=""Cultivate useful idiots"",misp-galaxy:amitt-misinformation-pattern=""Clickbait"",misp-galaxy:amitt-misinformation-pattern=""Conspiracy narratives"",misp-galaxy:amitt-misinformation-pattern=""Create fake research"",misp-galaxy:amitt-misinformation-pattern=""Distort facts"",misp-galaxy:amitt-misinformation-pattern=""Generate information pollution"",misp-galaxy:amitt-misinformation-pattern=""Twitter"",misp-galaxy:amitt-misinformation-pattern=""YouTube"",misp-galaxy:amitt-misinformation-pattern=""Facebook"",misp-galaxy:amitt-misinformation-pattern=""Seed distortions"",misp-galaxy:amitt-misinformation-pattern=""Use SMS/ WhatsApp/ Chat apps"",misp-galaxy:amitt-misinformation-pattern=""Use fake experts"",misp-galaxy:amitt-misinformation-pattern=""Flooding"",COVID-19,pandemic:covid-19=""disinformation""",1590716377
"c6196c37-a9a8-41fa-aa85-927778d1c4ed",1184,"Network activity","url","https://twitter.com/blysx/status/1262182679300038657","",1,1589831749,"url","","d96ad224-6850-4601-8262-aefe332e4617","microblog","misc","plandemic","covid-19","covid-19",3,"High",0,"2020-05-06","current-event:pandemic=""covid-19"",misp-galaxy:amitt-misinformation-pattern=""Create Master Narratives"",misp-galaxy:amitt-misinformation-pattern=""Create fake experts"",misp-galaxy:amitt-misinformation-pattern=""Cultivate useful idiots"",misp-galaxy:amitt-misinformation-pattern=""Clickbait"",misp-galaxy:amitt-misinformation-pattern=""Conspiracy narratives"",misp-galaxy:amitt-misinformation-pattern=""Create fake research"",misp-galaxy:amitt-misinformation-pattern=""Distort facts"",misp-galaxy:amitt-misinformation-pattern=""Generate information pollution"",misp-galaxy:amitt-misinformation-pattern=""Twitter"",misp-galaxy:amitt-misinformation-pattern=""YouTube"",misp-galaxy:amitt-misinformation-pattern=""Facebook"",misp-galaxy:amitt-misinformation-pattern=""Seed distortions"",misp-galaxy:amitt-misinformation-pattern=""Use SMS/ WhatsApp/ Chat apps"",misp-galaxy:amitt-misinformation-pattern=""Use fake experts"",misp-galaxy:amitt-misinformation-pattern=""Flooding"",COVID-19,pandemic:covid-19=""disinformation""",1590716377
"e5481ead-1363-4599-84af-e6ed130d03a7",1184,"Network activity","url","https://youtu.be/igx86PoU7v8","",1,1589831749,"embedded-link","","d96ad224-6850-4601-8262-aefe332e4617","microblog","misc","plandemic","covid-19","covid-19",3,"High",0,"2020-05-06","current-event:pandemic=""covid-19"",misp-galaxy:amitt-misinformation-pattern=""Create Master Narratives"",misp-galaxy:amitt-misinformation-pattern=""Create fake experts"",misp-galaxy:amitt-misinformation-pattern=""Cultivate useful idiots"",misp-galaxy:amitt-misinformation-pattern=""Clickbait"",misp-galaxy:amitt-misinformation-pattern=""Conspiracy narratives"",misp-galaxy:amitt-misinformation-pattern=""Create fake research"",misp-galaxy:amitt-misinformation-pattern=""Distort facts"",misp-galaxy:amitt-misinformation-pattern=""Generate information pollution"",misp-galaxy:amitt-misinformation-pattern=""Twitter"",misp-galaxy:amitt-misinformation-pattern=""YouTube"",misp-galaxy:amitt-misinformation-pattern=""Facebook"",misp-galaxy:amitt-misinformation-pattern=""Seed distortions"",misp-galaxy:amitt-misinformation-pattern=""Use SMS/ WhatsApp/ Chat apps"",misp-galaxy:amitt-misinformation-pattern=""Use fake experts"",misp-galaxy:amitt-misinformation-pattern=""Flooding"",COVID-19,pandemic:covid-19=""disinformation""",1590716377
"633a433c-91ee-4d8c-90be-ce3d056a1cfe",1184,"Network activity","url","https://t.co/7ZP0DWNp78","",1,1589831749,"embedded-link","","d96ad224-6850-4601-8262-aefe332e4617","microblog","misc","plandemic","covid-19","covid-19",3,"High",0,"2020-05-06","current-event:pandemic=""covid-19"",misp-galaxy:amitt-misinformation-pattern=""Create Master Narratives"",misp-galaxy:amitt-misinformation-pattern=""Create fake experts"",misp-galaxy:amitt-misinformation-pattern=""Cultivate useful idiots"",misp-galaxy:amitt-misinformation-pattern=""Clickbait"",misp-galaxy:amitt-misinformation-pattern=""Conspiracy narratives"",misp-galaxy:amitt-misinformation-pattern=""Create fake research"",misp-galaxy:amitt-misinformation-pattern=""Distort facts"",misp-galaxy:amitt-misinformation-pattern=""Generate information pollution"",misp-galaxy:amitt-misinformation-pattern=""Twitter"",misp-galaxy:amitt-misinformation-pattern=""YouTube"",misp-galaxy:amitt-misinformation-pattern=""Facebook"",misp-galaxy:amitt-misinformation-pattern=""Seed distortions"",misp-galaxy:amitt-misinformation-pattern=""Use SMS/ WhatsApp/ Chat apps"",misp-galaxy:amitt-misinformation-pattern=""Use fake experts"",misp-galaxy:amitt-misinformation-pattern=""Flooding"",COVID-19,pandemic:covid-19=""disinformation""",1590716377
"5f299ca8-c1fc-44a1-8955-1d374d1b984a",1184,"Network activity","url","https://twitter.com/YourSinsR4given/status/1262204081692696576","",1,1589831762,"url","","2cfb26b9-a7a9-433d-9a99-feb01a5916ea","microblog","misc","plandemic","covid-19","covid-19",3,"High",0,"2020-05-06","current-event:pandemic=""covid-19"",misp-galaxy:amitt-misinformation-pattern=""Create Master Narratives"",misp-galaxy:amitt-misinformation-pattern=""Create fake experts"",misp-galaxy:amitt-misinformation-pattern=""Cultivate useful idiots"",misp-galaxy:amitt-misinformation-pattern=""Clickbait"",misp-galaxy:amitt-misinformation-pattern=""Conspiracy narratives"",misp-galaxy:amitt-misinformation-pattern=""Create fake research"",misp-galaxy:amitt-misinformation-pattern=""Distort facts"",misp-galaxy:amitt-misinformation-pattern=""Generate information pollution"",misp-galaxy:amitt-misinformation-pattern=""Twitter"",misp-galaxy:amitt-misinformation-pattern=""YouTube"",misp-galaxy:amitt-misinformation-pattern=""Facebook"",misp-galaxy:amitt-misinformation-pattern=""Seed distortions"",misp-galaxy:amitt-misinformation-pattern=""Use SMS/ WhatsApp/ Chat apps"",misp-galaxy:amitt-misinformation-pattern=""Use fake experts"",misp-galaxy:amitt-misinformation-pattern=""Flooding"",COVID-19,pandemic:covid-19=""disinformation""",1590716377
"a20425e7-648d-4efe-a8d3-582110ea0edc",1184,"Network activity","url","https://twitter.com/YourSinsR4given/status/1262204081692696576/photo/1","",1,1589831762,"embedded-link","","2cfb26b9-a7a9-433d-9a99-feb01a5916ea","microblog","misc","plandemic","covid-19","covid-19",3,"High",0,"2020-05-06","current-event:pandemic=""covid-19"",misp-galaxy:amitt-misinformation-pattern=""Create Master Narratives"",misp-galaxy:amitt-misinformation-pattern=""Create fake experts"",misp-galaxy:amitt-misinformation-pattern=""Cultivate useful idiots"",misp-galaxy:amitt-misinformation-pattern=""Clickbait"",misp-galaxy:amitt-misinformation-pattern=""Conspiracy narratives"",misp-galaxy:amitt-misinformation-pattern=""Create fake research"",misp-galaxy:amitt-misinformation-pattern=""Distort facts"",misp-galaxy:amitt-misinformation-pattern=""Generate information pollution"",misp-galaxy:amitt-misinformation-pattern=""Twitter"",misp-galaxy:amitt-misinformation-pattern=""YouTube"",misp-galaxy:amitt-misinformation-pattern=""Facebook"",misp-galaxy:amitt-misinformation-pattern=""Seed distortions"",misp-galaxy:amitt-misinformation-pattern=""Use SMS/ WhatsApp/ Chat apps"",misp-galaxy:amitt-misinformation-pattern=""Use fake experts"",misp-galaxy:amitt-misinformation-pattern=""Flooding"",COVID-19,pandemic:covid-19=""disinformation""",1590716377
"c0b6b26a-6361-458e-a18f-af980a33a577",1184,"Network activity","url","https://t.co/7bGn4lMJX2","",1,1589831762,"embedded-link","","2cfb26b9-a7a9-433d-9a99-feb01a5916ea","microblog","misc","plandemic","covid-19","covid-19",3,"High",0,"2020-05-06","current-event:pandemic=""covid-19"",misp-galaxy:amitt-misinformation-pattern=""Create Master Narratives"",misp-galaxy:amitt-misinformation-pattern=""Create fake experts"",misp-galaxy:amitt-misinformation-pattern=""Cultivate useful idiots"",misp-galaxy:amitt-misinformation-pattern=""Clickbait"",misp-galaxy:amitt-misinformation-pattern=""Conspiracy narratives"",misp-galaxy:amitt-misinformation-pattern=""Create fake research"",misp-galaxy:amitt-misinformation-pattern=""Distort facts"",misp-galaxy:amitt-misinformation-pattern=""Generate information pollution"",misp-galaxy:amitt-misinformation-pattern=""Twitter"",misp-galaxy:amitt-misinformation-pattern=""YouTube"",misp-galaxy:amitt-misinformation-pattern=""Facebook"",misp-galaxy:amitt-misinformation-pattern=""Seed distortions"",misp-galaxy:amitt-misinformation-pattern=""Use SMS/ WhatsApp/ Chat apps"",misp-galaxy:amitt-misinformation-pattern=""Use fake experts"",misp-galaxy:amitt-misinformation-pattern=""Flooding"",COVID-19,pandemic:covid-19=""disinformation""",1590716377
"48ac36f2-e541-49d9-ad3c-9c0fe61ba4cb",1184,"Network activity","url","https://twitter.com/realNick_777/status/1262207270718488578","",1,1589831774,"url","","2c578adf-5a58-453d-918e-90d266db4af1","microblog","misc","plandemic","covid-19","covid-19",3,"High",0,"2020-05-06","current-event:pandemic=""covid-19"",misp-galaxy:amitt-misinformation-pattern=""Create Master Narratives"",misp-galaxy:amitt-misinformation-pattern=""Create fake experts"",misp-galaxy:amitt-misinformation-pattern=""Cultivate useful idiots"",misp-galaxy:amitt-misinformation-pattern=""Clickbait"",misp-galaxy:amitt-misinformation-pattern=""Conspiracy narratives"",misp-galaxy:amitt-misinformation-pattern=""Create fake research"",misp-galaxy:amitt-misinformation-pattern=""Distort facts"",misp-galaxy:amitt-misinformation-pattern=""Generate information pollution"",misp-galaxy:amitt-misinformation-pattern=""Twitter"",misp-galaxy:amitt-misinformation-pattern=""YouTube"",misp-galaxy:amitt-misinformation-pattern=""Facebook"",misp-galaxy:amitt-misinformation-pattern=""Seed distortions"",misp-galaxy:amitt-misinformation-pattern=""Use SMS/ WhatsApp/ Chat apps"",misp-galaxy:amitt-misinformation-pattern=""Use fake experts"",misp-galaxy:amitt-misinformation-pattern=""Flooding"",COVID-19,pandemic:covid-19=""disinformation""",1590716377
"73c08b7c-b528-4f3e-b9cd-099e7b0bee2a",1184,"Network activity","url","https://www.thegatewaypundit.com/2020/05/mask-police-cnn-reporter-kaitlan-collins-caught-removing-mask-presser-soon-thought-cameras-off-video/?utm_source=Twitter&utm_campaign=websitesharingbuttons","",1,1589831774,"embedded-link","","2c578adf-5a58-453d-918e-90d266db4af1","microblog","misc","plandemic","covid-19","covid-19",3,"High",0,"2020-05-06","current-event:pandemic=""covid-19"",misp-galaxy:amitt-misinformation-pattern=""Create Master Narratives"",misp-galaxy:amitt-misinformation-pattern=""Create fake experts"",misp-galaxy:amitt-misinformation-pattern=""Cultivate useful idiots"",misp-galaxy:amitt-misinformation-pattern=""Clickbait"",misp-galaxy:amitt-misinformation-pattern=""Conspiracy narratives"",misp-galaxy:amitt-misinformation-pattern=""Create fake research"",misp-galaxy:amitt-misinformation-pattern=""Distort facts"",misp-galaxy:amitt-misinformation-pattern=""Generate information pollution"",misp-galaxy:amitt-misinformation-pattern=""Twitter"",misp-galaxy:amitt-misinformation-pattern=""YouTube"",misp-galaxy:amitt-misinformation-pattern=""Facebook"",misp-galaxy:amitt-misinformation-pattern=""Seed distortions"",misp-galaxy:amitt-misinformation-pattern=""Use SMS/ WhatsApp/ Chat apps"",misp-galaxy:amitt-misinformation-pattern=""Use fake experts"",misp-galaxy:amitt-misinformation-pattern=""Flooding"",COVID-19,pandemic:covid-19=""disinformation""",1590716377
"b199b349-4a71-4edb-afad-c31caf6eab17",1184,"Network activity","url","https://t.co/QSkLCO2STp","",1,1589831774,"embedded-link","","2c578adf-5a58-453d-918e-90d266db4af1","microblog","misc","plandemic","covid-19","covid-19",3,"High",0,"2020-05-06","current-event:pandemic=""covid-19"",misp-galaxy:amitt-misinformation-pattern=""Create Master Narratives"",misp-galaxy:amitt-misinformation-pattern=""Create fake experts"",misp-galaxy:amitt-misinformation-pattern=""Cultivate useful idiots"",misp-galaxy:amitt-misinformation-pattern=""Clickbait"",misp-galaxy:amitt-misinformation-pattern=""Conspiracy narratives"",misp-galaxy:amitt-misinformation-pattern=""Create fake research"",misp-galaxy:amitt-misinformation-pattern=""Distort facts"",misp-galaxy:amitt-misinformation-pattern=""Generate information pollution"",misp-galaxy:amitt-misinformation-pattern=""Twitter"",misp-galaxy:amitt-misinformation-pattern=""YouTube"",misp-galaxy:amitt-misinformation-pattern=""Facebook"",misp-galaxy:amitt-misinformation-pattern=""Seed distortions"",misp-galaxy:amitt-misinformation-pattern=""Use SMS/ WhatsApp/ Chat apps"",misp-galaxy:amitt-misinformation-pattern=""Use fake experts"",misp-galaxy:amitt-misinformation-pattern=""Flooding"",COVID-19,pandemic:covid-19=""disinformation""",1590716377
"7b689962-b0b8-440d-bf40-9c64f6152e00",1184,"Network activity","url","https://twitter.com/GoboMontaco/status/1262239345903353856","",1,1589831786,"url","","fa5a92ec-9ea5-498c-9331-e0de0ba9b0e3","microblog","misc","plandemic","covid-19","covid-19",3,"High",0,"2020-05-06","current-event:pandemic=""covid-19"",misp-galaxy:amitt-misinformation-pattern=""Create Master Narratives"",misp-galaxy:amitt-misinformation-pattern=""Create fake experts"",misp-galaxy:amitt-misinformation-pattern=""Cultivate useful idiots"",misp-galaxy:amitt-misinformation-pattern=""Clickbait"",misp-galaxy:amitt-misinformation-pattern=""Conspiracy narratives"",misp-galaxy:amitt-misinformation-pattern=""Create fake research"",misp-galaxy:amitt-misinformation-pattern=""Distort facts"",misp-galaxy:amitt-misinformation-pattern=""Generate information pollution"",misp-galaxy:amitt-misinformation-pattern=""Twitter"",misp-galaxy:amitt-misinformation-pattern=""YouTube"",misp-galaxy:amitt-misinformation-pattern=""Facebook"",misp-galaxy:amitt-misinformation-pattern=""Seed distortions"",misp-galaxy:amitt-misinformation-pattern=""Use SMS/ WhatsApp/ Chat apps"",misp-galaxy:amitt-misinformation-pattern=""Use fake experts"",misp-galaxy:amitt-misinformation-pattern=""Flooding"",COVID-19,pandemic:covid-19=""disinformation""",1590716377
"09e7b872-7a86-44db-a5b4-568dd8e72b70",1184,"Network activity","url","https://www.bostonherald.com/2020/05/17/disinformation-from-schiff-media-damaged-america/","",1,1589831786,"embedded-link","","fa5a92ec-9ea5-498c-9331-e0de0ba9b0e3","microblog","misc","plandemic","covid-19","covid-19",3,"High",0,"2020-05-06","current-event:pandemic=""covid-19"",misp-galaxy:amitt-misinformation-pattern=""Create Master Narratives"",misp-galaxy:amitt-misinformation-pattern=""Create fake experts"",misp-galaxy:amitt-misinformation-pattern=""Cultivate useful idiots"",misp-galaxy:amitt-misinformation-pattern=""Clickbait"",misp-galaxy:amitt-misinformation-pattern=""Conspiracy narratives"",misp-galaxy:amitt-misinformation-pattern=""Create fake research"",misp-galaxy:amitt-misinformation-pattern=""Distort facts"",misp-galaxy:amitt-misinformation-pattern=""Generate information pollution"",misp-galaxy:amitt-misinformation-pattern=""Twitter"",misp-galaxy:amitt-misinformation-pattern=""YouTube"",misp-galaxy:amitt-misinformation-pattern=""Facebook"",misp-galaxy:amitt-misinformation-pattern=""Seed distortions"",misp-galaxy:amitt-misinformation-pattern=""Use SMS/ WhatsApp/ Chat apps"",misp-galaxy:amitt-misinformation-pattern=""Use fake experts"",misp-galaxy:amitt-misinformation-pattern=""Flooding"",COVID-19,pandemic:covid-19=""disinformation""",1590716377
"147089b6-cd1b-4ad7-a7ea-4537eec03c35",1184,"Network activity","url","https://t.co/rMYMqxxB7U","",1,1589831786,"embedded-link","","fa5a92ec-9ea5-498c-9331-e0de0ba9b0e3","microblog","misc","plandemic","covid-19","covid-19",3,"High",0,"2020-05-06","current-event:pandemic=""covid-19"",misp-galaxy:amitt-misinformation-pattern=""Create Master Narratives"",misp-galaxy:amitt-misinformation-pattern=""Create fake experts"",misp-galaxy:amitt-misinformation-pattern=""Cultivate useful idiots"",misp-galaxy:amitt-misinformation-pattern=""Clickbait"",misp-galaxy:amitt-misinformation-pattern=""Conspiracy narratives"",misp-galaxy:amitt-misinformation-pattern=""Create fake research"",misp-galaxy:amitt-misinformation-pattern=""Distort facts"",misp-galaxy:amitt-misinformation-pattern=""Generate information pollution"",misp-galaxy:amitt-misinformation-pattern=""Twitter"",misp-galaxy:amitt-misinformation-pattern=""YouTube"",misp-galaxy:amitt-misinformation-pattern=""Facebook"",misp-galaxy:amitt-misinformation-pattern=""Seed distortions"",misp-galaxy:amitt-misinformation-pattern=""Use SMS/ WhatsApp/ Chat apps"",misp-galaxy:amitt-misinformation-pattern=""Use fake experts"",misp-galaxy:amitt-misinformation-pattern=""Flooding"",COVID-19,pandemic:covid-19=""disinformation""",1590716377
"9e77fc5e-f610-48a6-b0e1-67290e44d0fa",1184,"Network activity","url","https://twitter.com/littllemel/status/1261976120645337088","",1,1589831797,"url","","ec8b58f5-9e91-49ef-87b9-495499f97eb7","microblog","misc","plandemic","covid-19","covid-19",3,"High",0,"2020-05-06","current-event:pandemic=""covid-19"",misp-galaxy:amitt-misinformation-pattern=""Create Master Narratives"",misp-galaxy:amitt-misinformation-pattern=""Create fake experts"",misp-galaxy:amitt-misinformation-pattern=""Cultivate useful idiots"",misp-galaxy:amitt-misinformation-pattern=""Clickbait"",misp-galaxy:amitt-misinformation-pattern=""Conspiracy narratives"",misp-galaxy:amitt-misinformation-pattern=""Create fake research"",misp-galaxy:amitt-misinformation-pattern=""Distort facts"",misp-galaxy:amitt-misinformation-pattern=""Generate information pollution"",misp-galaxy:amitt-misinformation-pattern=""Twitter"",misp-galaxy:amitt-misinformation-pattern=""YouTube"",misp-galaxy:amitt-misinformation-pattern=""Facebook"",misp-galaxy:amitt-misinformation-pattern=""Seed distortions"",misp-galaxy:amitt-misinformation-pattern=""Use SMS/ WhatsApp/ Chat apps"",misp-galaxy:amitt-misinformation-pattern=""Use fake experts"",misp-galaxy:amitt-misinformation-pattern=""Flooding"",COVID-19,pandemic:covid-19=""disinformation""",1590716377
"71c5b8cc-7188-4db0-ad98-82564be14dfb",1184,"Network activity","url","https://truepundit.com/payback-dr-judy-mikovits-comes-out-swinging-drops-new-bombs-on-dr-fauci-cdc-during-vicious-interview/","",1,1589831797,"embedded-link","","ec8b58f5-9e91-49ef-87b9-495499f97eb7","microblog","misc","plandemic","covid-19","covid-19",3,"High",0,"2020-05-06","current-event:pandemic=""covid-19"",misp-galaxy:amitt-misinformation-pattern=""Create Master Narratives"",misp-galaxy:amitt-misinformation-pattern=""Create fake experts"",misp-galaxy:amitt-misinformation-pattern=""Cultivate useful idiots"",misp-galaxy:amitt-misinformation-pattern=""Clickbait"",misp-galaxy:amitt-misinformation-pattern=""Conspiracy narratives"",misp-galaxy:amitt-misinformation-pattern=""Create fake research"",misp-galaxy:amitt-misinformation-pattern=""Distort facts"",misp-galaxy:amitt-misinformation-pattern=""Generate information pollution"",misp-galaxy:amitt-misinformation-pattern=""Twitter"",misp-galaxy:amitt-misinformation-pattern=""YouTube"",misp-galaxy:amitt-misinformation-pattern=""Facebook"",misp-galaxy:amitt-misinformation-pattern=""Seed distortions"",misp-galaxy:amitt-misinformation-pattern=""Use SMS/ WhatsApp/ Chat apps"",misp-galaxy:amitt-misinformation-pattern=""Use fake experts"",misp-galaxy:amitt-misinformation-pattern=""Flooding"",COVID-19,pandemic:covid-19=""disinformation""",1590716377
"fe9e9314-0f55-419e-899f-abb0458568b6",1184,"Network activity","url","https://t.co/xIK7vCK3Bm","",1,1589831797,"embedded-link","","ec8b58f5-9e91-49ef-87b9-495499f97eb7","microblog","misc","plandemic","covid-19","covid-19",3,"High",0,"2020-05-06","current-event:pandemic=""covid-19"",misp-galaxy:amitt-misinformation-pattern=""Create Master Narratives"",misp-galaxy:amitt-misinformation-pattern=""Create fake experts"",misp-galaxy:amitt-misinformation-pattern=""Cultivate useful idiots"",misp-galaxy:amitt-misinformation-pattern=""Clickbait"",misp-galaxy:amitt-misinformation-pattern=""Conspiracy narratives"",misp-galaxy:amitt-misinformation-pattern=""Create fake research"",misp-galaxy:amitt-misinformation-pattern=""Distort facts"",misp-galaxy:amitt-misinformation-pattern=""Generate information pollution"",misp-galaxy:amitt-misinformation-pattern=""Twitter"",misp-galaxy:amitt-misinformation-pattern=""YouTube"",misp-galaxy:amitt-misinformation-pattern=""Facebook"",misp-galaxy:amitt-misinformation-pattern=""Seed distortions"",misp-galaxy:amitt-misinformation-pattern=""Use SMS/ WhatsApp/ Chat apps"",misp-galaxy:amitt-misinformation-pattern=""Use fake experts"",misp-galaxy:amitt-misinformation-pattern=""Flooding"",COVID-19,pandemic:covid-19=""disinformation""",1590716377

